Term Number	Semester	Enrollment	Course Code	Course Title	Session Type	Session Number	Session title (if used)	Session Delivery Mode	Session Location	Session length (in hours)	Max number of students that ONE session can accommodate	Number of faculty required to teach full session	Contact hour policy for faculty during session (___hrs per contact hour)	Number of support staff required to teach full session	Contact hour policy for support staff during session (___hrs per contact hour)	This session occurs during Week __ of term	This session occurs on ____.	Notes	Number of preceptors required to teach full clinical session	Contact hour policy for preceptors during session (___hrs per contact hour)	Clinical Rotation Type	Clinical Mode	Total space hours to service hour requirements	Number of sections required to service hour requirements	Total number of faculty contact hours	Total number of faculty contact hours (semesterly)	Total number of faculty contact hours (weekly)	Total number of preceptor contact hours	Total number of preceptor contact hours (semesterly)	Total number of preceptor contact hours (weekly)
Term 1	Fall	40	SUR 110	Intro to Surgical Technology 	Class	1	Mod 1: History of Surgery; Importance/Maintenance of Credentialing; Surgical Technology Organizations; Intro to Medical Terminology; Intro to Pharmacology                                      	In-person	KENN-148	0.8333333	20	1	2.5	0	1	1	Wednesday	"8:30-9:20a, (50 min. in-person)
"					1.6666666	2	1.6666666	0.005787037	0.104166663	0	0	0
Term 1	Fall	40	SUR 110	Intro to Surgical Technology 	Class	2	Mod 1: History of Surgery; Importance/Maintenance of Credentialing; Surgical Technology Organizations; Intro to Medical Terminology; Intro to Pharmacology                                      	Online	Internet	2.1666	20	1	2.5	0	1	1	Online	Online 2hrs, 10min, SMTWThFS					4.3332	2	4.3332	0.015045833	0.270825	0	0	0
Term 1	Fall	40	SUR 110	Intro to Surgical Technology 	Class	3	Mod 2: Intro to Legal & Ethical Issues; Risk Management; Medical Terminology; Pharmacology	In-person	KENN-148	0.8333333	20	1	2.5	0	1	2	Wednesday	"8:30-9:20a, (50 min. in-person)
"					1.6666666	2	1.6666666	0.005787037	0.104166663	0	0	0
Term 1	Fall	40	SUR 110	Intro to Surgical Technology 	Class	4	Mod 2: Intro to Legal & Ethical Issues; Risk Management; Medical Terminology; Pharmacology	Online	Internet	2.1666	20	1	2.5	0	1	2	Online	Online 2hrs, 10min, SMTWThFS					4.3332	2	4.3332	0.015045833	0.270825	0	0	0
Term 1	Fall	40	SUR 110	Intro to Surgical Technology 	Class	5	Mod 3: Intro to Environments Hazards and Safety Concepts; Disaster Preparedness & Response; Medical Terminology; Pharmacology           	In-person	KENN-148	0.8333333	20	1	2.5	0	1	3	Wednesday	"8:30-9:20a, (50 min. in-person)
"					1.6666666	2	1.6666666	0.005787037	0.104166663	0	0	0
Term 1	Fall	40	SUR 110	Intro to Surgical Technology 	Class	6	Mod 3: Intro to Environments Hazards and Safety Concepts; Disaster Preparedness & Response; Medical Terminology; Pharmacology           	Online	Internet	2.1666	20	1	2.5	0	1	3	Online	Online 2hrs, 10min, SMTWThFS					4.3332	2	4.3332	0.015045833	0.270825	0	0	0
Term 1	Fall	40	SUR 110	Intro to Surgical Technology 	Class	7	Mod 4: Intro to Pharmacology & Anesthesia; Medical Terminology; Pharmacology	In-person	KENN-148	0.8333333	20	1	2.5	0	1	4	Wednesday	"8:30-9:20a, (50 min. in-person)
"					1.6666666	2	1.6666666	0.005787037	0.104166663	0	0	0
Term 1	Fall	40	SUR 110	Intro to Surgical Technology 	Class	8	Mod 4: Intro to Pharmacology & Anesthesia; Medical Terminology; Pharmacology	Online	Internet	2.1666	20	1	2.5	0	1	4	Online	Online 2hrs, 10min, SMTWThFS					4.3332	2	4.3332	0.015045833	0.270825	0	0	0
Term 1	Fall	40	SUR 110	Intro to Surgical Technology 	Class	9	Mod 5: Intro to Health Care Facilitie; Medical Terminology; Pharmacology	In-person	KENN-148	0.8333333	20	1	2.5	0	1	5	Wednesday	"8:30-9:20a, (50 min. in-person)
"					1.6666666	2	1.6666666	0.005787037	0.104166663	0	0	0
Term 1	Fall	40	SUR 110	Intro to Surgical Technology 	Class	10	Mod 5: Intro to Health Care Facilitie; Medical Terminology; Pharmacology	Online	Internet	2.1666	20	1	2.5	0	1	5	Online	Online 2hrs, 10min, SMTWThFS					4.3332	2	4.3332	0.015045833	0.270825	0	0	0
Term 1	Fall	40	SUR 110	Intro to Surgical Technology 	Class	11	Mod 5: Intro to Health Care Facilitie; Medical Terminology; Pharmacology	In-person	KENN-148	0.8333333	20	1	2.5	0	1	6	Wednesday	"8:30-9:20a, (50 min. in-person)
"					1.6666666	2	1.6666666	0.005787037	0.104166663	0	0	0
Term 1	Fall	40	SUR 110	Intro to Surgical Technology 	Class	12	Mod 6: Medical Terminology; Pharmacology	Online	Internet	2.1666	20	1	2.5	0	1	6	Online	Online 2hrs, 10min, SMTWThFS					4.3332	2	4.3332	0.015045833	0.270825	0	0	0
Term 1	Fall	40	SUR 110	Intro to Surgical Technology 	Class	13	Mod 6: Medical Terminology; Pharmacology	In-person	KENN-148	0.8333333	20	1	2.5	0	1	7	Wednesday	"8:30-9:20a, (50 min. in-person)
"					1.6666666	2	1.6666666	0.005787037	0.104166663	0	0	0
Term 1	Fall	40	SUR 110	Intro to Surgical Technology 	Class	14	Mod 6: Medical Terminology; Pharmacology	Online	Internet	2.1666	20	1	2.5	0	1	7	Online	Online 2hrs, 10min, SMTWThFS					4.3332	2	4.3332	0.015045833	0.270825	0	0	0
Term 1	Fall	40	SUR 110	Intro to Surgical Technology 	Class	15	Mod 7: Final Lab Practical	In-person	KENN-148	0.8333333	20	1	2.5	0	1	8	Wednesday	"8:30-9:20a, (50 min. in-person)
"					1.6666666	2	1.6666666	0.005787037	0.104166663	0	0	0
Term 1	Fall	40	SUR 110	Intro to Surgical Technology 	Class	16	Mod 8: Review for Comprehensive Final  Exam; Final Exam	Online	Internet	2.1666	20	1	2.5	0	1	8	Online	Online 2hrs, 10min, SMTWThFS					4.3332	2	4.3332	0.015045833	0.270825	0	0	0
Term 1	Fall	40	SUR 111	Perioperative Patient Care	Class	1	Module 1: Microbiology; Hand Washing,	In-person	KENN 148	0.83	20	1	2.5	0	1	1	Monday	"M, 8:30a - 9:20a
"					1.66	2	1.66	0.005763889	0.10375	0	0	0
Term 1	Fall	40	SUR 111	Perioperative Patient Care	Class	2	Module 1: Attire and Aseptic Technique, Basic Supplies and Equipment, Surgical Conscience	In-person	KENN 148	5	20	3	2.5	0	1	1	Tuesday	T, 8:30a-2:30p					10	2	30	0.104166667	1.875	0	0	0
Term 1	Fall	40	SUR 111	Perioperative Patient Care	Class	3	Module 1: Sterile Team Members, Environmental Contamination	In-person	KENN 148	0.83	20	1	2.5	0	1	2	Monday	"M, 8:30a - 9:20a
"					1.66	2	1.66	0.005763889	0.10375	0	0	0
Term 1	Fall	40	SUR 111	Perioperative Patient Care	Class	4	Module 1: Decontamination, Disinfection & Sterilization, Package Integrity, Open Glove Technique	In-person	KENN 148	5	20	3	2.5	0	1	2	Tuesday	T, 8:30a-2:30p					10	2	30	0.104166667	1.875	0	0	0
Term 1	Fall	40	SUR 111	Perioperative Patient Care	Class	5	Module 1: Opening Supplies, Arranging and Cleaning the OR	In-person	KENN 148	0.83	20	1	2.5	0	1	3	Monday	"M, 8:30a - 9:20a
"					1.66	2	1.66	0.005763889	0.10375	0	0	0
Term 1	Fall	40	SUR 111	Perioperative Patient Care	Class	6	Module 1: Surgical Scrub, Gowning and Gloving, Basic Setup 	In-person	KENN 148	5	20	3	2.5	0	1	3	Tuesday	T, 8:30a-2:30p					10	2	30	0.104166667	1.875	0	0	0
Term 1	Fall	40	SUR 111	Perioperative Patient Care	Class	7	Module 2: Sterile Processing, Folding and Wrapping	In-person	KENN 148	0.83	20	1	2.5	0	1	4	Monday	"M, 8:30a - 9:20a
"					1.66	2	1.66	0.005763889	0.10375	0	0	0
Term 1	Fall	40	SUR 111	Perioperative Patient Care	Class	8	Module 2: Case Planning, Gathering Supplies and Instruments, Opening a Pack, Setting Out the Room, Opening Up, Throwing Out, Basic Setup	In-person	KENN 148	5	20	3	2.5	0	1	4	Tuesday	T, 8:30a-2:30p					10	2	30	0.104166667	1.875	0	0	0
Term 1	Fall	40	SUR 111	Perioperative Patient Care	Class	9	Module 2: Gowning and Gloving Others	In-person	KENN 148	0.83	20	1	2.5	0	1	5	Monday	"M, 8:30a - 9:20a
"					1.66	2	1.66	0.005763889	0.10375	0	0	0
Term 1	Fall	40	SUR 111	Perioperative Patient Care	Class	10	Module 2: Instruments and their Classifications, Handling Instruments, Covering the Mayo Stand, Specialty Equipment, Accessory Equipment.    	In-person	KENN 148	5	20	3	2.5	0	1	5	Tuesday	T, 8:30a-2:30p					10	2	30	0.104166667	1.875	0	0	0
Term 1	Fall	40	SUR 111	Perioperative Patient Care	Class	11	Module 3: Case Management:  Pre-op 	In-person	KENN 148	0.83	20	1	2.5	0	1	6	Monday	"M, 8:30a - 9:20a
"					1.66	2	1.66	0.005763889	0.10375	0	0	0
Term 1	Fall	40	SUR 111	Perioperative Patient Care	Class	12	Module 3: Case Management: Intra-op	In-person	KENN 148	5	20	3	2.5	0	1	6	Tuesday	T, 8:30a-2:30p					10	2	30	0.104166667	1.875	0	0	0
Term 1	Fall	40	SUR 111	Perioperative Patient Care	Class	13	Module 3: Case Management: Post-op  	In-person	KENN 148	0.83	20	1	2.5	0	1	7	Monday	"M, 8:30a - 9:20a
"					1.66	2	1.66	0.005763889	0.10375	0	0	0
Term 1	Fall	40	SUR 111	Perioperative Patient Care	Class	14	Module 4:  Operating the OR Bed, Transporting and Transferring Patients	In-person	KENN 148	5	20	3	2.5	0	1	7	Tuesday	T, 8:30a-2:30p					10	2	30	0.104166667	1.875	0	0	0
Term 1	Fall	40	SUR 111	Perioperative Patient Care	Class	15	Module 4: Draping Principles, Drape Materials, Types of Drapes and Techniques	In-person	KENN 148	0.83	20	1	2.5	0	1	8	Monday	"M, 8:30a - 9:20a
"					1.66	2	1.66	0.005763889	0.10375	0	0	0
Term 1	Fall	40	SUR 111	Perioperative Patient Care	Class	16	Module 4: Positioning the Patient, Positioning Aids, Surgical Positions, Hazards and Precautions in Positioning, Hair Removal, Prep Kits, Patient Skin Prep	In-person	KENN 148	5	20	3	2.5	0	1	8	Tuesday	T, 8:30a-2:30p					10	2	30	0.104166667	1.875	0	0	0
Term 1	Fall	40	SUR 111	Perioperative Patient Care	Class	17	Module 4: Communication, Passing instruments, Laparoscopic Table Setup	In-person	KENN 148	0.83	20	1	2.5	0	1	9	Monday	"M, 8:30a - 9:20a
"					1.66	2	1.66	0.005763889	0.10375	0	0	0
Term 1	Fall	40	SUR 111	Perioperative Patient Care	Class	18	Module 4: Labeling & Tracking medications, Basic Incisions, abdominal layers, wound healing	In-person	KENN 148	5	20	3	2.5	0	1	9	Tuesday	T, 8:30a-2:30p					10	2	30	0.104166667	1.875	0	0	0
Term 1	Fall	40	SUR 111	Perioperative Patient Care	Class	19	Mid-Term Lab Practical: Wounds and wound healing, Hemostasis and Hemostatic Agents, Basic Incisions 	In-person	KENN 148	0.83	20	1	2.5	0	1	10	Monday	"M, 8:30a - 9:20a
"					1.66	2	1.66	0.005763889	0.10375	0	0	0
Term 1	Fall	40	SUR 111	Perioperative Patient Care	Class	20	Mid-Term Lab Practical: Wounds and wound healing, Hemostasis and Hemostatic Agents, Basic Incisions 	In-person	KENN 148	5	20	3	2.5	0	1	10	Tuesday	T, 8:30a-2:30p					10	2	30	0.104166667	1.875	0	0	0
Term 1	Fall	40	SUR 111	Perioperative Patient Care	Class	21	Module 5:  Intensive Mid-Term Review, Soft Counts, Laparoscopic Back Table Set-up.  Accepting Medications	In-person	KENN 148	0.83	20	1	2.5	0	1	11	Monday	"M, 8:30a - 9:20a
"					1.66	2	1.66	0.005763889	0.10375	0	0	0
Term 1	Fall	40	SUR 111	Perioperative Patient Care	Class	22	Module 5:  Intensive Mid-Term Review, Soft Counts, Laparoscopic Back Table Set-up.  Accepting Medications	In-person	KENN 148	5	20	3	2.5	0	1	11	Tuesday	T, 8:30a-2:30p					10	2	30	0.104166667	1.875	0	0	0
Term 1	Fall	40	SUR 111	Perioperative Patient Care	Class	23	Module 6:  Full Instrument Counts, Countable Items, Incorrect Closing Counts, Counting Technique	In-person	KENN 148	0.83	20	1	2.5	0	1	12	Monday	"M, 8:30a - 9:20a
"					1.66	2	1.66	0.005763889	0.10375	0	0	0
Term 1	Fall	40	SUR 111	Perioperative Patient Care	Class	24	Module 6: Responsibility for Counts, When to Count, Problems with Counts. Specimen Care	In-person	KENN 148	5	20	3	2.5	0	1	12	Tuesday	T, 8:30a-2:30p					10	2	30	0.104166667	1.875	0	0	0
Term 1	Fall	40	SUR 111	Perioperative Patient Care	Class	25	Module 7:  Sutures, Needles and Staplers	In-person	KENN 148	0.83	20	1	2.5	0	1	13	Monday	"M, 8:30a - 9:20a
"					1.66	2	1.66	0.005763889	0.10375	0	0	0
Term 1	Fall	40	SUR 111	Perioperative Patient Care	Class	26	Module 7: Accessory Devices, Dressings	In-person	KENN 148	5	20	3	2.5	0	1	13	Tuesday	T, 8:30a-2:30p					10	2	30	0.104166667	1.875	0	0	0
Term 1	Fall	40	SUR 111	Perioperative Patient Care	Class	27	Module 7: Drains & Catheters	In-person	KENN 148	0.83	20	1	2.5	0	1	14	Monday	"M, 8:30a - 9:20a
"					1.66	2	1.66	0.005763889	0.10375	0	0	0
Term 1	Fall	40	SUR 111	Perioperative Patient Care	Class	28	Module 7: Vital Signs	In-person	KENN 148	5	20	3	2.5	0	1	14	Tuesday	T, 8:30a-2:30p					10	2	30	0.104166667	1.875	0	0	0
Term 1	Fall	40	SUR 111	Perioperative Patient Care	Class	29	Lab Practical	In-person	KENN 148	0.83	20	1	2.5	0	1	15	Monday	"M, 8:30a - 9:20a
"					1.66	2	1.66	0.005763889	0.10375	0	0	0
Term 1	Fall	40	SUR 111	Perioperative Patient Care	Class	30	Lab Practical	In-person	KENN 148	5	20	3	2.5	0	1	15	Tuesday	T, 8:30a-2:30p					10	2	30	0.104166667	1.875	0	0	0
Term 1	Fall	40	SUR 111	Perioperative Patient Care	Class	31	Review for Final Exam   	In-person	KENN 148	0.83	20	1	2.5	0	1	16	Monday	"M, 8:30a - 9:20a
"					1.66	2	1.66	0.005763889	0.10375	0	0	0
Term 1	Fall	40	SUR 111	Perioperative Patient Care	Class	32	Final Exam   	In-person	KENN 148	4.17	20	3	2.5	0	1	16	Tuesday	T, 8:30a-2:30p					8.34	2	25.02	0.086875	1.56375	0	0	0
Term 1	Fall	40	SUR 111	Perioperative Patient Care	Lab	1	Hand Washing, Attire and Aseptic Technique, Basic Supplies, Equipment, Surgical Conscience	In-person	KENN LAB 129	6	20	2	2.5	0	1	1	Thursday	Th, 8:30a-3p					12	2	24	0.083333333	1.5	0	0	0
Term 1	Fall	40	SUR 111	Perioperative Patient Care	Lab	2	Sterile Team Members, Environmental Contamination, Decontamination, Disinfection & Sterilization, Package Integrity, Open Glove Technique	In-person	KENN LAB 129	6	20	2	2.5	0	1	2	Thursday	Th, 8:30a-3p					12	2	24	0.083333333	1.5	0	0	0
Term 1	Fall	40	SUR 111	Perioperative Patient Care	Lab	3	Opening Supplies, Arranging and Cleaning the OR; Surgical Scrub, Gowning and Gloving, Basic Setup 	In-person	KENN LAB 129	6	20	2	2.5	0	1	3	Thursday	Th, 8:30a-3p					12	2	24	0.083333333	1.5	0	0	0
Term 1	Fall	40	SUR 111	Perioperative Patient Care	Lab	4	Sterile Processing, Folding and Wrapping; Case Planning, Gathering Supplies and Instruments, Opening a Pack, Setting Out the Room, Opening Up, Throwing Out, Basic Setup	In-person	KENN LAB 129	6	20	2	2.5	0	1	4	Thursday	Th, 8:30a-3p					12	2	24	0.083333333	1.5	0	0	0
Term 1	Fall	40	SUR 111	Perioperative Patient Care	Lab	5	Gowning and Gloving Others; Instruments and their Classifications, Handling Instruments, Covering the Mayo Stand, Specialty Equipment, Accessory Equipment	In-person	KENN LAB 129	6	20	2	2.5	0	1	5	Thursday	Th, 8:30a-3p					12	2	24	0.083333333	1.5	0	0	0
Term 1	Fall	40	SUR 111	Perioperative Patient Care	Lab	6	 Case Management: Pre-op; Intra-op; & Post-op	In-person	KENN LAB 129	6	20	2	2.5	0	1	6	Thursday	Th, 8:30a-3p					12	2	24	0.083333333	1.5	0	0	0
Term 1	Fall	40	SUR 111	Perioperative Patient Care	Lab	7	 Operating the OR Bed, Transporting and Transferring Patients; Draping Principles, Drape Materials, Types of Drapes and Techniques	In-person	KENN LAB 129	6	20	2	2.5	0	1	7	Thursday	Th, 8:30a-3p					12	2	24	0.083333333	1.5	0	0	0
Term 1	Fall	40	SUR 111	Perioperative Patient Care	Lab	8	 Positioning the Patient, Positioning Aids, Surgical Positions, Hazards and Precautions in Positioning, Hair Removal, Prep Kits, Patient Skin Prep;  Communication, Passing instruments, Laparoscopic Table Setup	In-person	KENN LAB 129	6	20	2	2.5	0	1	8	Thursday	Th, 8:30a-3p					12	2	24	0.083333333	1.5	0	0	0
Term 1	Fall	40	SUR 111	Perioperative Patient Care	Lab	9	Labeling & Tracking medications, Basic Incisions, abdominal layers, wound healing; Mid-Term Lab Practical: Wounds and wound healing, Hemostasis and Hemostatic Agents, Basic Incisions 	In-person	KENN LAB 129	6	20	2	2.5	0	1	9	Thursday	Th, 8:30a-3p					12	2	24	0.083333333	1.5	0	0	0
Term 1	Fall	40	SUR 111	Perioperative Patient Care	Lab	10	 Intensive Mid-Term Review, Soft Counts, Laparoscopic Back Table Set-up. Accepting Medications	In-person	KENN LAB 129	6	20	2	2.5	0	1	10	Thursday	Th, 8:30a-3p					12	2	24	0.083333333	1.5	0	0	0
Term 1	Fall	40	SUR 111	Perioperative Patient Care	Lab	11	 Intensive Mid-Term Review, Soft Counts, Laparoscopic Back Table Set-up.  Accepting Medications	In-person	KENN LAB 129	6	20	2	2.5	0	1	11	Thursday	Th, 8:30a-3p					12	2	24	0.083333333	1.5	0	0	0
Term 1	Fall	40	SUR 111	Perioperative Patient Care	Lab	12	 Full Instrument Counts, Countable Items, Incorrect Closing Counts, Counting Technique; Responsibility for Counts, When to Count, Problems with Counts. Specimen Care	In-person	KENN LAB 129	6	20	2	2.5	0	1	12	Thursday	Th, 8:30a-3p					12	2	24	0.083333333	1.5	0	0	0
Term 1	Fall	40	SUR 111	Perioperative Patient Care	Lab	13	  Sutures, Needles and Staplers;  Accessory Devices, Dressings	In-person	KENN LAB 129	6	20	2	2.5	0	1	13	Thursday	Th, 8:30a-3p					12	2	24	0.083333333	1.5	0	0	0
Term 1	Fall	40	SUR 111	Perioperative Patient Care	Lab	14	Drains & Catheters; Vital Signs	In-person	KENN LAB 129	6	20	2	2.5	0	1	14	Thursday	Th, 8:30a-3p					12	2	24	0.083333333	1.5	0	0	0
Term 1	Fall	40	SUR 111	Perioperative Patient Care	Lab	15	Lab Practical; Final Review	In-person	KENN LAB 129	6	20	2	2.5	0	1	15	Thursday	Th, 8:30a-3p					12	2	24	0.083333333	1.5	0	0	0
Term 1	Fall	40	SUR 111	Perioperative Patient Care	Lab	16	Final Exam	In-person	KENN LAB 129	6	20	2	2.5	0	1	16	Thursday	Th, 8:30a-3p					12	2	24	0.083333333	1.5	0	0	0
Term 2	Spring	40	SUR 122	Surgical Procedures I	Class	1	Orientation; Introduction to Special Populations & the Surgical Patient	In-person	KENN Hall 148	2.5	20	1	2.5	0	1	1	Thursday	Th, 2.5 hrs class, 2.5 hr online, 8:30 to 11a (test days start 8am/TBA)					5	2	5	0.017361111	0.3125	0	0	0
Term 2	Spring	40	SUR 122	Surgical Procedures I	Class	2	Continued	online	Internet	2.5	20	1	2.5	0	1	1	Online	Th, 2.5 hrs class, 2.5 hr online, 8:30 to 11a (test days start 8am/TBA)					5	2	5	0.017361111	0.3125	0	0	0
Term 2	Spring	40	SUR 122	Surgical Procedures I	Class	3	Introduction to Special Populations & the Surgical Patient	In-person	KENN Hall 148	2.5	20	1	2.5	0	1	2	Thursday	Th, 2.5 hrs class, 2.5 hr online, 8:30 to 11a (test days start 8am/TBA)					5	2	5	0.017361111	0.3125	0	0	0
Term 2	Spring	40	SUR 122	Surgical Procedures I	Class	4	Continued	online	Internet	2.5	20	1	2.5	0	1	2	Online	Th, 2.5 hrs class, 2.5 hr online, 8:30 to 11a (test days start 8am/TBA)					5	2	5	0.017361111	0.3125	0	0	0
Term 2	Spring	40	SUR 122	Surgical Procedures I	Class	5	General Surgery & Gastrointestinal Procedures	In-person	KENN Hall 148	2.5	20	1	2.5	0	1	3	Thursday	Th, 2.5 hrs class, 2.5 hr online, 8:30 to 11a (test days start 8am/TBA)					5	2	5	0.017361111	0.3125	0	0	0
Term 2	Spring	40	SUR 122	Surgical Procedures I	Class	6	Continued	online	Internet	2.5	20	1	2.5	0	1	3	Online	Th, 2.5 hrs class, 2.5 hr online, 8:30 to 11a (test days start 8am/TBA)					5	2	5	0.017361111	0.3125	0	0	0
Term 2	Spring	40	SUR 122	Surgical Procedures I	Class	7	General Surgery & Gastrointestinal Procedures	In-person	KENN Hall 148	2.5	20	1	2.5	0	1	4	Thursday	Th, 2.5 hrs class, 2.5 hr online, 8:30 to 11a (test days start 8am/TBA)					5	2	5	0.017361111	0.3125	0	0	0
Term 2	Spring	40	SUR 122	Surgical Procedures I	Class	8	Continued	online	Internet	2.5	20	1	2.5	0	1	4	Online	Th, 2.5 hrs class, 2.5 hr online, 8:30 to 11a (test days start 8am/TBA)					5	2	5	0.017361111	0.3125	0	0	0
Term 2	Spring	40	SUR 122	Surgical Procedures I	Class	9	Gynecology/Obstetric Surgery	In-person	KENN Hall 148	2.5	20	1	2.5	0	1	5	Thursday	Th, 2.5 hrs class, 2.5 hr online, 8:30 to 11a (test days start 8am/TBA)					5	2	5	0.017361111	0.3125	0	0	0
Term 2	Spring	40	SUR 122	Surgical Procedures I	Class	10	Continued	online	Internet	2.5	20	1	2.5	0	1	5	Online	Th, 2.5 hrs class, 2.5 hr online, 8:30 to 11a (test days start 8am/TBA)					5	2	5	0.017361111	0.3125	0	0	0
Term 2	Spring	40	SUR 122	Surgical Procedures I	Class	11	Gynecology/Obstetric Surgery	In-person	KENN Hall 148	2.5	20	1	2.5	0	1	6	Thursday	Th, 2.5 hrs class, 2.5 hr online, 8:30 to 11a (test days start 8am/TBA)					5	2	5	0.017361111	0.3125	0	0	0
Term 2	Spring	40	SUR 122	Surgical Procedures I	Class	12	Continued	online	Internet	2.5	20	1	2.5	0	1	6	Online	Th, 2.5 hrs class, 2.5 hr online, 8:30 to 11a (test days start 8am/TBA)					5	2	5	0.017361111	0.3125	0	0	0
Term 2	Spring	40	SUR 122	Surgical Procedures I	Class	13	Genitourinary	In-person	KENN Hall 148	2.5	20	1	2.5	0	1	7	Thursday	Th, 2.5 hrs class, 2.5 hr online, 8:30 to 11a (test days start 8am/TBA)					5	2	5	0.017361111	0.3125	0	0	0
Term 2	Spring	40	SUR 122	Surgical Procedures I	Class	14	Continued	online	Internet	2.5	20	1	2.5	0	1	7	Online	Th, 2.5 hrs class, 2.5 hr online, 8:30 to 11a (test days start 8am/TBA)					5	2	5	0.017361111	0.3125	0	0	0
Term 2	Spring	40	SUR 122	Surgical Procedures I	Class	15	Genitourinary	In-person	KENN Hall 148	2.5	20	1	2.5	0	1	8	Thursday	Th, 2.5 hrs class, 2.5 hr online, 8:30 to 11a (test days start 8am/TBA)					5	2	5	0.017361111	0.3125	0	0	0
Term 2	Spring	40	SUR 122	Surgical Procedures I	Class	16	Continued	online	Internet	2.5	20	1	2.5	0	1	8	Online	Th, 2.5 hrs class, 2.5 hr online, 8:30 to 11a (test days start 8am/TBA)					5	2	5	0.017361111	0.3125	0	0	0
Term 2	Spring	40	SUR 122	Surgical Procedures I	Class	17	Otorhinolaryngology	In-person	KENN Hall 148	2.5	20	1	2.5	0	1	9	Thursday	Th, 2.5 hrs class, 2.5 hr online, 8:30 to 11a (test days start 8am/TBA)					5	2	5	0.017361111	0.3125	0	0	0
Term 2	Spring	40	SUR 122	Surgical Procedures I	Class	18	Continued	online	Internet	2.5	20	1	2.5	0	1	9	Online	Th, 2.5 hrs class, 2.5 hr online, 8:30 to 11a (test days start 8am/TBA)					5	2	5	0.017361111	0.3125	0	0	0
Term 2	Spring	40	SUR 122	Surgical Procedures I	Class	19	Otorhinolaryngology	In-person	KENN Hall 148	2.5	20	1	2.5	0	1	10	Thursday	Th, 2.5 hrs class, 2.5 hr online, 8:30 to 11a (test days start 8am/TBA)					5	2	5	0.017361111	0.3125	0	0	0
Term 2	Spring	40	SUR 122	Surgical Procedures I	Class	20	Continued	online	Internet	2.5	20	1	2.5	0	1	10	Online	Th, 2.5 hrs class, 2.5 hr online, 8:30 to 11a (test days start 8am/TBA)					5	2	5	0.017361111	0.3125	0	0	0
Term 2	Spring	40	SUR 122	Surgical Procedures I	Class	21	Oral Maxillofacial Surgery	In-person	KENN Hall 148	2.5	20	1	2.5	0	1	11	Thursday	Th, 2.5 hrs class, 2.5 hr online, 8:30 to 11a (test days start 8am/TBA)					5	2	5	0.017361111	0.3125	0	0	0
Term 2	Spring	40	SUR 122	Surgical Procedures I	Class	22	Continued	online	Internet	2.5	20	1	2.5	0	1	11	Online	Th, 2.5 hrs class, 2.5 hr online, 8:30 to 11a (test days start 8am/TBA)					5	2	5	0.017361111	0.3125	0	0	0
Term 2	Spring	40	SUR 122	Surgical Procedures I	Class	23	Oral Maxillofacial Surgery	In-person	KENN Hall 148	2.5	20	1	2.5	0	1	12	Thursday	Th, 2.5 hrs class, 2.5 hr online, 8:30 to 11a (test days start 8am/TBA)					5	2	5	0.017361111	0.3125	0	0	0
Term 2	Spring	40	SUR 122	Surgical Procedures I	Class	24	Continued	online	Internet	2.5	20	1	2.5	0	1	12	Online	Th, 2.5 hrs class, 2.5 hr online, 8:30 to 11a (test days start 8am/TBA)					5	2	5	0.017361111	0.3125	0	0	0
Term 2	Spring	40	SUR 122	Surgical Procedures I	Class	25	Plastics & Reconstruction Surgery	In-person	KENN Hall 148	2.5	20	1	2.5	0	1	13	Thursday	Th, 2.5 hrs class, 2.5 hr online, 8:30 to 11a (test days start 8am/TBA)					5	2	5	0.017361111	0.3125	0	0	0
Term 2	Spring	40	SUR 122	Surgical Procedures I	Class	26	Continued	online	Internet	2.5	20	1	2.5	0	1	13	Online	Th, 2.5 hrs class, 2.5 hr online, 8:30 to 11a (test days start 8am/TBA)					5	2	5	0.017361111	0.3125	0	0	0
Term 2	Spring	40	SUR 122	Surgical Procedures I	Class	27	Plastics & Reconstruction Surgery	In-person	KENN Hall 148	2.5	20	1	2.5	0	1	14	Thursday	Th, 2.5 hrs class, 2.5 hr online, 8:30 to 11a (test days start 8am/TBA)					5	2	5	0.017361111	0.3125	0	0	0
Term 2	Spring	40	SUR 122	Surgical Procedures I	Class	28	Continued	online	Internet	2.5	20	1	2.5	0	1	14	Online	Th, 2.5 hrs class, 2.5 hr online, 8:30 to 11a (test days start 8am/TBA)					5	2	5	0.017361111	0.3125	0	0	0
Term 2	Spring	40	SUR 122	Surgical Procedures I	Class	29	Ophthalmic Surgery	In-person	KENN Hall 148	2.5	20	1	2.5	0	1	15	Thursday	Th, 2.5 hrs class, 2.5 hr online, 8:30 to 11a (test days start 8am/TBA)					5	2	5	0.017361111	0.3125	0	0	0
Term 2	Spring	40	SUR 122	Surgical Procedures I	Class	30	Continued	online	Internet	2.5	20	1	2.5	0	1	15	Online	Th, 2.5 hrs class, 2.5 hr online, 8:30 to 11a (test days start 8am/TBA)					5	2	5	0.017361111	0.3125	0	0	0
Term 2	Spring	40	SUR 122	Surgical Procedures I	Class	31	Review for Final	In-person	KENN Hall 148	2.5	20	1	2.5	0	1	16	Thursday	Th, 2.5 hrs class, 2.5 hr online, 8:30 to 11a (test days start 8am/TBA)					5	2	5	0.017361111	0.3125	0	0	0
Term 2	Spring	40	SUR 122	Surgical Procedures I	Class	32	Final Exam	online	Internet	2.5	20	1	2.5	0	1	16	Online	Th, 2.5 hrs class, 2.5 hr online, 8:30 to 11a (test days start 8am/TBA)					5	2	5	0.017361111	0.3125	0	0	0
Term 2	Spring	40	SUR 122	Surgical Procedures I	Lab	1	Orientation; Introduction to Special Populations & the Surgical Patient	In-person	KENN LAB 129	3	20	2	2.5	0	1	1	Thursday	Th, 1.5 hrs in-person. 0.5hr onine, 12-2p + 1 hr online SMTWThFS					6	2	12	0.041666667	0.75	0	0	0
Term 2	Spring	40	SUR 122	Surgical Procedures I	Lab	3	Introduction to Special Populations & the Surgical Patient	In-person	KENN LAB 129	3	20	2	2.5	0	1	2	Thursday	Th, 1.5 hrs in-person. 0.5hr onine, 12-2p + 1 hr online SMTWThFS					6	2	12	0.041666667	0.75	0	0	0
Term 2	Spring	40	SUR 122	Surgical Procedures I	Lab	5	General Surgery & Gastrointestinal Procedures	In-person	KENN LAB 129	3	20	2	2.5	0	1	3	Thursday	Th, 1.5 hrs in-person. 0.5hr onine, 12-2p + 1 hr online SMTWThFS					6	2	12	0.041666667	0.75	0	0	0
Term 2	Spring	40	SUR 122	Surgical Procedures I	Lab	7	General Surgery & Gastrointestinal Procedures	In-person	KENN LAB 129	3	20	2	2.5	0	1	4	Thursday	Th, 1.5 hrs in-person. 0.5hr onine, 12-2p + 1 hr online SMTWThFS					6	2	12	0.041666667	0.75	0	0	0
Term 2	Spring	40	SUR 122	Surgical Procedures I	Lab	9	Gynecology/Obstetric Surgery	In-person	KENN LAB 129	3	20	2	2.5	0	1	5	Thursday	Th, 1.5 hrs in-person. 0.5hr onine, 12-2p + 1 hr online SMTWThFS					6	2	12	0.041666667	0.75	0	0	0
Term 2	Spring	40	SUR 122	Surgical Procedures I	Lab	11	Gynecology/Obstetric Surgery	In-person	KENN LAB 129	3	20	2	2.5	0	1	6	Thursday	Th, 1.5 hrs in-person. 0.5hr onine, 12-2p + 1 hr online SMTWThFS					6	2	12	0.041666667	0.75	0	0	0
Term 2	Spring	40	SUR 122	Surgical Procedures I	Lab	13	Genitourinary	In-person	KENN LAB 129	3	20	2	2.5	0	1	7	Thursday	Th, 1.5 hrs in-person. 0.5hr onine, 12-2p + 1 hr online SMTWThFS					6	2	12	0.041666667	0.75	0	0	0
Term 2	Spring	40	SUR 122	Surgical Procedures I	Lab	15	Genitourinary	In-person	KENN LAB 129	3	20	2	2.5	0	1	8	Thursday	Th, 1.5 hrs in-person. 0.5hr onine, 12-2p + 1 hr online SMTWThFS					6	2	12	0.041666667	0.75	0	0	0
Term 2	Spring	40	SUR 122	Surgical Procedures I	Lab	17	Otorhinolaryngology	In-person	KENN LAB 129	3	20	2	2.5	0	1	9	Thursday	Th, 1.5 hrs in-person. 0.5hr onine, 12-2p + 1 hr online SMTWThFS					6	2	12	0.041666667	0.75	0	0	0
Term 2	Spring	40	SUR 122	Surgical Procedures I	Lab	19	Otorhinolaryngology	In-person	KENN LAB 129	3	20	2	2.5	0	1	10	Thursday	Th, 1.5 hrs in-person. 0.5hr onine, 12-2p + 1 hr online SMTWThFS					6	2	12	0.041666667	0.75	0	0	0
Term 2	Spring	40	SUR 122	Surgical Procedures I	Lab	21	Oral Maxillofacial Surgery	In-person	KENN LAB 129	3	20	2	2.5	0	1	11	Thursday	Th, 1.5 hrs in-person. 0.5hr onine, 12-2p + 1 hr online SMTWThFS					6	2	12	0.041666667	0.75	0	0	0
Term 2	Spring	40	SUR 122	Surgical Procedures I	Lab	23	Oral Maxillofacial Surgery	In-person	KENN LAB 129	3	20	2	2.5	0	1	12	Thursday	Th, 1.5 hrs in-person. 0.5hr onine, 12-2p + 1 hr online SMTWThFS					6	2	12	0.041666667	0.75	0	0	0
Term 2	Spring	40	SUR 122	Surgical Procedures I	Lab	25	Plastics & Reconstruction Surgery	In-person	KENN LAB 129	3	20	2	2.5	0	1	13	Thursday	Th, 1.5 hrs in-person. 0.5hr onine, 12-2p + 1 hr online SMTWThFS					6	2	12	0.041666667	0.75	0	0	0
Term 2	Spring	40	SUR 122	Surgical Procedures I	Lab	27	Plastics & Reconstruction Surgery	In-person	KENN LAB 129	3	20	2	2.5	0	1	14	Thursday	Th, 1.5 hrs in-person. 0.5hr onine, 12-2p + 1 hr online SMTWThFS					6	2	12	0.041666667	0.75	0	0	0
Term 2	Spring	40	SUR 122	Surgical Procedures I	Lab	29	Ophthalmic Surgery	In-person	KENN LAB 129	3	20	2	2.5	0	1	15	Thursday	Th, 1.5 hrs in-person. 0.5hr onine, 12-2p + 1 hr online SMTWThFS					6	2	12	0.041666667	0.75	0	0	0
Term 2	Spring	40	SUR 122	Surgical Procedures I	Lab	31	Review for Final	In-person	KENN LAB 129	3	20	2	2.5	0	1	16	Thursday	Th, 1.5 hrs in-person. 0.5hr onine, 12-2p + 1 hr online SMTWThFS					6	2	12	0.041666667	0.75	0	0	0
Term 2	Spring	40	SUR 123	Clinical Practice I	Clinical	1	CLINICAL	In-person	Clinical Site	8	1	0.052631579	2.5	0	1	1	Monday	M, T, 6:30 am – 3:00 pm & Friday 6:30-12:30; 2.5 hrs online (times may vary per facility)	1	1	Operating Room	Precepted Experience	320	40	16.84210526	0.058479532	1.052631579	320	0.444444444	8
Term 2	Spring	40	SUR 123	Clinical Practice I	Clinical	2	CLINICAL	In-person	Clinical Site	8	1	0.052631579	2.5	0	1	1	Tuesday	M, T, 6:30 am – 3:00 pm & Friday 6:30-12:30; 2.5 hrs online (times may vary per facility)	1	1	Doctor's Office	Precepted Experience	320	40	16.84210526	0.058479532	1.052631579	320	0.444444444	8
Term 2	Spring	40	SUR 123	Clinical Practice I	Clinical	3	CLINICAL	In-person	Clinical Site	6	1	0.052631579	2.5	0	1	1	Friday	M, T, 6:30 am – 3:00 pm & Friday 6:30-12:30; 2.5 hrs online (times may vary per facility)	1	1	Operating Room	Precepted Experience	240	40	12.63157895	0.043859649	0.789473684	240	0.333333333	6
Term 2	Spring	40	SUR 123	Clinical Practice I	Clinical	5	CLINICAL	In-person	Clinical Site	8	1	0.052631579	2.5	0	1	2	Monday	M, T, 6:30 am – 3:00 pm & Friday 6:30-12:30; 2.5 hrs online (times may vary per facility)	1	1	Operating Room	Precepted Experience	320	40	16.84210526	0.058479532	1.052631579	320	0.444444444	8
Term 2	Spring	40	SUR 123	Clinical Practice I	Clinical	6	CLINICAL	In-person	Clinical Site	8	1	0.052631579	2.5	0	1	2	Tuesday	M, T, 6:30 am – 3:00 pm & Friday 6:30-12:30; 2.5 hrs online (times may vary per facility)	1	1	Operating Room	Precepted Experience	320	40	16.84210526	0.058479532	1.052631579	320	0.444444444	8
Term 2	Spring	40	SUR 123	Clinical Practice I	Clinical	7	CLINICAL	In-person	Clinical Site	6	1	0.052631579	2.5	0	1	2	Friday	M, T, 6:30 am – 3:00 pm & Friday 6:30-12:30; 2.5 hrs online (times may vary per facility)	1	1	Operating Room	Precepted Experience	240	40	12.63157895	0.043859649	0.789473684	240	0.333333333	6
Term 2	Spring	40	SUR 123	Clinical Practice I	Clinical	9	CLINICAL	In-person	Clinical Site	8	1	0.052631579	2.5	0	1	3	Monday	M, T, 6:30 am – 3:00 pm & Friday 6:30-12:30; 2.5 hrs online (times may vary per facility)	1	1	Operating Room	Precepted Experience	320	40	16.84210526	0.058479532	1.052631579	320	0.444444444	8
Term 2	Spring	40	SUR 123	Clinical Practice I	Clinical	10	CLINICAL	In-person	Clinical Site	8	1	0.052631579	2.5	0	1	3	Tuesday	M, T, 6:30 am – 3:00 pm & Friday 6:30-12:30; 2.5 hrs online (times may vary per facility)	1	1	Operating Room	Precepted Experience	320	40	16.84210526	0.058479532	1.052631579	320	0.444444444	8
Term 2	Spring	40	SUR 123	Clinical Practice I	Clinical	11	CLINICAL	In-person	Clinical Site	6	1	0.052631579	2.5	0	1	3	Friday	M, T, 6:30 am – 3:00 pm & Friday 6:30-12:30; 2.5 hrs online (times may vary per facility)	1	1	Operating Room	Precepted Experience	240	40	12.63157895	0.043859649	0.789473684	240	0.333333333	6
Term 2	Spring	40	SUR 123	Clinical Practice I	Clinical	13	CLINICAL	In-person	Clinical Site	8	1	0.052631579	2.5	0	1	4	Monday	M, T, 6:30 am – 3:00 pm & Friday 6:30-12:30; 2.5 hrs online (times may vary per facility)	1	1	Operating Room	Precepted Experience	320	40	16.84210526	0.058479532	1.052631579	320	0.444444444	8
Term 2	Spring	40	SUR 123	Clinical Practice I	Clinical	14	CLINICAL	In-person	Clinical Site	8	1	0.052631579	2.5	0	1	4	Tuesday	M, T, 6:30 am – 3:00 pm & Friday 6:30-12:30; 2.5 hrs online (times may vary per facility)	1	1	Operating Room	Precepted Experience	320	40	16.84210526	0.058479532	1.052631579	320	0.444444444	8
Term 2	Spring	40	SUR 123	Clinical Practice I	Clinical	15	CLINICAL	In-person	Clinical Site	6	1	0.052631579	2.5	0	1	4	Friday	M, T, 6:30 am – 3:00 pm & Friday 6:30-12:30; 2.5 hrs online (times may vary per facility)	1	1	Operating Room	Precepted Experience	240	40	12.63157895	0.043859649	0.789473684	240	0.333333333	6
Term 2	Spring	40	SUR 123	Clinical Practice I	Clinical	17	CLINICAL	In-person	Clinical Site	8	1	0.052631579	2.5	0	1	5	Monday	M, T, 6:30 am – 3:00 pm & Friday 6:30-12:30; 2.5 hrs online (times may vary per facility)	1	1	Operating Room	Precepted Experience	320	40	16.84210526	0.058479532	1.052631579	320	0.444444444	8
Term 2	Spring	40	SUR 123	Clinical Practice I	Clinical	18	CLINICAL	In-person	Clinical Site	8	1	0.052631579	2.5	0	1	5	Tuesday	M, T, 6:30 am – 3:00 pm & Friday 6:30-12:30; 2.5 hrs online (times may vary per facility)	1	1	Operating Room	Precepted Experience	320	40	16.84210526	0.058479532	1.052631579	320	0.444444444	8
Term 2	Spring	40	SUR 123	Clinical Practice I	Clinical	19	CLINICAL	In-person	Clinical Site	6	1	0.052631579	2.5	0	1	5	Friday	M, T, 6:30 am – 3:00 pm & Friday 6:30-12:30; 2.5 hrs online (times may vary per facility)	1	1	Operating Room	Precepted Experience	240	40	12.63157895	0.043859649	0.789473684	240	0.333333333	6
Term 2	Spring	40	SUR 123	Clinical Practice I	Clinical	21	CLINICAL	In-person	Clinical Site	8	1	0.052631579	2.5	0	1	6	Monday	M, T, 6:30 am – 3:00 pm & Friday 6:30-12:30; 2.5 hrs online (times may vary per facility)	1	1	Operating Room	Precepted Experience	320	40	16.84210526	0.058479532	1.052631579	320	0.444444444	8
Term 2	Spring	40	SUR 123	Clinical Practice I	Clinical	22	CLINICAL	In-person	Clinical Site	8	1	0.052631579	2.5	0	1	6	Tuesday	M, T, 6:30 am – 3:00 pm & Friday 6:30-12:30; 2.5 hrs online (times may vary per facility)	1	1	Operating Room	Precepted Experience	320	40	16.84210526	0.058479532	1.052631579	320	0.444444444	8
Term 2	Spring	40	SUR 123	Clinical Practice I	Clinical	23	CLINICAL	In-person	Clinical Site	6	1	0.052631579	2.5	0	1	6	Friday	M, T, 6:30 am – 3:00 pm & Friday 6:30-12:30; 2.5 hrs online (times may vary per facility)	1	1	Operating Room	Precepted Experience	240	40	12.63157895	0.043859649	0.789473684	240	0.333333333	6
Term 2	Spring	40	SUR 123	Clinical Practice I	Clinical	25	CLINICAL	In-person	Clinical Site	8	1	0.052631579	2.5	0	1	7	Monday	M, T, 6:30 am – 3:00 pm & Friday 6:30-12:30; 2.5 hrs online (times may vary per facility)	1	1	Operating Room	Precepted Experience	320	40	16.84210526	0.058479532	1.052631579	320	0.444444444	8
Term 2	Spring	40	SUR 123	Clinical Practice I	Clinical	26	CLINICAL	In-person	Clinical Site	8	1	0.052631579	2.5	0	1	7	Tuesday	M, T, 6:30 am – 3:00 pm & Friday 6:30-12:30; 2.5 hrs online (times may vary per facility)	1	1	Operating Room	Precepted Experience	320	40	16.84210526	0.058479532	1.052631579	320	0.444444444	8
Term 2	Spring	40	SUR 123	Clinical Practice I	Clinical	27	CLINICAL	In-person	Clinical Site	6	1	0.052631579	2.5	0	1	7	Friday	M, T, 6:30 am – 3:00 pm & Friday 6:30-12:30; 2.5 hrs online (times may vary per facility)	1	1	Operating Room	Precepted Experience	240	40	12.63157895	0.043859649	0.789473684	240	0.333333333	6
Term 2	Spring	40	SUR 123	Clinical Practice I	Clinical	29	CLINICAL	In-person	Clinical Site	8	1	0.052631579	2.5	0	1	8	Monday	M, T, 6:30 am – 3:00 pm & Friday 6:30-12:30; 2.5 hrs online (times may vary per facility)	1	1	Operating Room	Precepted Experience	320	40	16.84210526	0.058479532	1.052631579	320	0.444444444	8
Term 2	Spring	40	SUR 123	Clinical Practice I	Clinical	30	CLINICAL	In-person	Clinical Site	8	1	0.052631579	2.5	0	1	8	Tuesday	M, T, 6:30 am – 3:00 pm & Friday 6:30-12:30; 2.5 hrs online (times may vary per facility)	1	1	Operating Room	Precepted Experience	320	40	16.84210526	0.058479532	1.052631579	320	0.444444444	8
Term 2	Spring	40	SUR 123	Clinical Practice I	Clinical	31	CLINICAL	In-person	Clinical Site	6	1	0.052631579	2.5	0	1	8	Friday	M, T, 6:30 am – 3:00 pm & Friday 6:30-12:30; 2.5 hrs online (times may vary per facility)	1	1	Operating Room	Precepted Experience	240	40	12.63157895	0.043859649	0.789473684	240	0.333333333	6
Term 2	Spring	40	SUR 123	Clinical Practice I	Clinical	33	CLINICAL	In-person	Clinical Site	8	1	0.052631579	2.5	0	1	9	Monday	M, T, 6:30 am – 3:00 pm & Friday 6:30-12:30; 2.5 hrs online (times may vary per facility)	1	1	Operating Room	Precepted Experience	320	40	16.84210526	0.058479532	1.052631579	320	0.444444444	8
Term 2	Spring	40	SUR 123	Clinical Practice I	Clinical	34	CLINICAL	In-person	Clinical Site	8	1	0.052631579	2.5	0	1	9	Tuesday	M, T, 6:30 am – 3:00 pm & Friday 6:30-12:30; 2.5 hrs online (times may vary per facility)	1	1	Operating Room	Precepted Experience	320	40	16.84210526	0.058479532	1.052631579	320	0.444444444	8
Term 2	Spring	40	SUR 123	Clinical Practice I	Clinical	35	CLINICAL	In-person	Clinical Site	6	1	0.052631579	2.5	0	1	9	Friday	M, T, 6:30 am – 3:00 pm & Friday 6:30-12:30; 2.5 hrs online (times may vary per facility)	1	1	Operating Room	Precepted Experience	240	40	12.63157895	0.043859649	0.789473684	240	0.333333333	6
Term 2	Spring	40	SUR 123	Clinical Practice I	Clinical	37	CLINICAL	In-person	Clinical Site	8	1	0.052631579	2.5	0	1	10	Monday	M, T, 6:30 am – 3:00 pm & Friday 6:30-12:30; 2.5 hrs online (times may vary per facility)	1	1	Operating Room	Precepted Experience	320	40	16.84210526	0.058479532	1.052631579	320	0.444444444	8
Term 2	Spring	40	SUR 123	Clinical Practice I	Clinical	38	CLINICAL	In-person	Clinical Site	8	1	0.052631579	2.5	0	1	10	Tuesday	M, T, 6:30 am – 3:00 pm & Friday 6:30-12:30; 2.5 hrs online (times may vary per facility)	1	1	Operating Room	Precepted Experience	320	40	16.84210526	0.058479532	1.052631579	320	0.444444444	8
Term 2	Spring	40	SUR 123	Clinical Practice I	Clinical	39	CLINICAL	In-person	Clinical Site	6	1	0.052631579	2.5	0	1	10	Friday	M, T, 6:30 am – 3:00 pm & Friday 6:30-12:30; 2.5 hrs online (times may vary per facility)	1	1	Operating Room	Precepted Experience	240	40	12.63157895	0.043859649	0.789473684	240	0.333333333	6
Term 3	Summer	40	SUR 134	Surgical Procedures II	Class	1	Orientation	In-person	KENN 148	3	20	1	2.5	0	1	1	Thursday	Th, 3 hrs/class, 8:30 to 11a					6	2	6	0.020833333	0.375	0	0	0
Term 3	Summer	40	SUR 134	Surgical Procedures II	Class	2	Orientation	Online	Internet	5	20	1	2.5	0	1	1	Online	5 hrs online, SMTWThFS					10	2	10	0.034722222	0.625	0	0	0
Term 3	Summer	40	SUR 134	Surgical Procedures II	Class	3	Orthopedic Procedures	In-person	KENN 148	3	20	1	2.5	0	1	2	Thursday	Th, 3 hrs/class, 8:30 to 11a					6	2	6	0.020833333	0.375	0	0	0
Term 3	Summer	40	SUR 134	Surgical Procedures II	Class	4	Contnued	Online	Internet	5	20	1	2.5	0	1	2	Online	5 hrs online, SMTWThFS					10	2	10	0.034722222	0.625	0	0	0
Term 3	Summer	40	SUR 134	Surgical Procedures II	Class	5	Orthopedic Procedures	In-person	KENN 148	3	20	1	2.5	0	1	3	Thursday	Th, 3 hrs/class, 8:30 to 11a					6	2	6	0.020833333	0.375	0	0	0
Term 3	Summer	40	SUR 134	Surgical Procedures II	Class	6	Contnued	Online	Internet	5	20	1	2.5	0	1	3	Online	5 hrs online, SMTWThFS					10	2	10	0.034722222	0.625	0	0	0
Term 3	Summer	40	SUR 134	Surgical Procedures II	Class	7	Orthopedic Procedures	In-person	KENN 148	3	20	1	2.5	0	1	4	Thursday	Th, 3 hrs/class, 8:30 to 11a					6	2	6	0.020833333	0.375	0	0	0
Term 3	Summer	40	SUR 134	Surgical Procedures II	Class	8	Contnued	Online	Internet	5	20	1	2.5	0	1	4	Online	5 hrs online, SMTWThFS					10	2	10	0.034722222	0.625	0	0	0
Term 3	Summer	40	SUR 134	Surgical Procedures II	Class	9	Cardio-Thoracic Procedures	In-person	KENN 148	3	20	1	2.5	0	1	5	Thursday	Th, 3 hrs/class, 8:30 to 11a					6	2	6	0.020833333	0.375	0	0	0
Term 3	Summer	40	SUR 134	Surgical Procedures II	Class	10	Continued	Online	Internet	5	20	1	2.5	0	1	5	Online	5 hrs online, SMTWThFS					10	2	10	0.034722222	0.625	0	0	0
Term 3	Summer	40	SUR 134	Surgical Procedures II	Class	11	Cardio-Thoracic Procedures	In-person	KENN 148	3	20	1	2.5	0	1	6	Thursday	Th, 3 hrs/class, 8:30 to 11a					6	2	6	0.020833333	0.375	0	0	0
Term 3	Summer	40	SUR 134	Surgical Procedures II	Class	12	Continued	Online	Internet	5	20	1	2.5	0	1	6	Online	5 hrs online, SMTWThFS					10	2	10	0.034722222	0.625	0	0	0
Term 3	Summer	40	SUR 134	Surgical Procedures II	Class	13	Cardio-Thoracic Procedures	In-person	KENN 148	3	20	1	2.5	0	1	7	Thursday	Th, 3 hrs/class, 8:30 to 11a					6	2	6	0.020833333	0.375	0	0	0
Term 3	Summer	40	SUR 134	Surgical Procedures II	Class	14	Continued	Online	Internet	5	20	1	2.5	0	1	7	Online	5 hrs online, SMTWThFS					10	2	10	0.034722222	0.625	0	0	0
Term 3	Summer	40	SUR 134	Surgical Procedures II	Class	15	Peripheral Vascular Procedures	In-person	KENN 148	3	20	1	2.5	0	1	8	Thursday	Th, 3 hrs/class, 8:30 to 11a					6	2	6	0.020833333	0.375	0	0	0
Term 3	Summer	40	SUR 134	Surgical Procedures II	Class	16	Continued	Online	Internet	5	20	1	2.5	0	1	8	Online	5 hrs online, SMTWThFS					10	2	10	0.034722222	0.625	0	0	0
Term 3	Summer	40	SUR 134	Surgical Procedures II	Class	17	Peripheral Vascular Procedures	In-person	KENN 148	3	20	1	2.5	0	1	9	Thursday	Th, 3 hrs/class, 8:30 to 11a					6	2	6	0.020833333	0.375	0	0	0
Term 3	Summer	40	SUR 134	Surgical Procedures II	Class	18	Continued	Online	Internet	5	20	1	2.5	0	1	9	Online	5 hrs online, SMTWThFS					10	2	10	0.034722222	0.625	0	0	0
Term 3	Summer	40	SUR 134	Surgical Procedures II	Class	19	Peripheral Vascular Procedures	In-person	KENN 148	3	20	1	2.5	0	1	10	Thursday	Th, 3 hrs/class, 8:30 to 11a					6	2	6	0.020833333	0.375	0	0	0
Term 3	Summer	40	SUR 134	Surgical Procedures II	Class	20	Continued	Online	Internet	5	20	1	2.5	0	1	10	Online	5 hrs online, SMTWThFS					10	2	10	0.034722222	0.625	0	0	0
Term 3	Summer	40	SUR 135	Clinical Practice II	Clinical	1	Clinical	In-person	Clnical site	8	1	0.052631579	2.5	0	1	1	Monday	M & T, 6:30a - 3:30p; F, 6:30a - 12:30p; (Days/hrs vary per census; 19.2 hrs/wk)	1	1	Other	Precepted Experience	320	40	16.84210526	0.058479532	1.052631579	320	0.444444444	8
Term 3	Summer	40	SUR 135	Clinical Practice II	Clinical	2	Clinical	In-person	Clnical site	8	1	0.052631579	2.5	0	1	1	Tuesday	M & T, 6:30a - 3:30p; F, 6:30a - 12:30p; (Days/hrs vary per census; 19.2 hrs/wk)	1	1	Other	Precepted Experience	320	40	16.84210526	0.058479532	1.052631579	320	0.444444444	8
Term 3	Summer	40	SUR 135	Clinical Practice II	Clinical	3	Clinical	In-person	Clinical Site	6	1	0.052631579	2.5	0	1	1	Friday	M & T, 6:30a - 3:30p; F, 6:30a - 12:30p; (Days/hrs vary per census; 19.2 hrs/wk)	1	1	Other	Precepted Experience	240	40	12.63157895	0.043859649	0.789473684	240	0.333333333	6
Term 3	Summer	40	SUR 135	Clinical Practice II	Clinical	4	Clinical	In-person	Clnical site	8	1	0.052631579	2.5	0	1	2	Monday	M & T, 6:30a - 3:30p; F, 6:30a - 12:30p; (Days/hrs vary per census; 19.2 hrs/wk)	1	1	Other	Precepted Experience	320	40	16.84210526	0.058479532	1.052631579	320	0.444444444	8
Term 3	Summer	40	SUR 135	Clinical Practice II	Clinical	5	Clinical	In-person	Clnical site	8	1	0.052631579	2.5	0	1	2	Tuesday	M & T, 6:30a - 3:30p; F, 6:30a - 12:30p; (Days/hrs vary per census; 19.2 hrs/wk)	1	1	Other	Precepted Experience	320	40	16.84210526	0.058479532	1.052631579	320	0.444444444	8
Term 3	Summer	40	SUR 135	Clinical Practice II	Clinical	6	Clinical	In-person	Clnical site	6	1	0.052631579	2.5	0	1	2	Friday	M & T, 6:30a - 3:30p; F, 6:30a - 12:30p; (Days/hrs vary per census; 19.2 hrs/wk)	1	1	Other	Precepted Experience	240	40	12.63157895	0.043859649	0.789473684	240	0.333333333	6
Term 3	Summer	40	SUR 135	Clinical Practice II	Clinical	7	Clinical	In-person	Clnical site	8	1	0.052631579	2.5	0	1	3	Monday	M & T, 6:30a - 3:30p; F, 6:30a - 12:30p; (Days/hrs vary per census; 19.2 hrs/wk)	0	1	Other	Precepted Experience	320	40	16.84210526	0.058479532	1.052631579	0	0	0
Term 3	Summer	40	SUR 135	Clinical Practice II	Clinical	8	Clinical	In-person	Clnical site	8	1	0.052631579	2.5	0	1	3	Tuesday	M & T, 6:30a - 3:30p; F, 6:30a - 12:30p; (Days/hrs vary per census; 19.2 hrs/wk)	1	1	Other	Precepted Experience	320	40	16.84210526	0.058479532	1.052631579	320	0.444444444	8
Term 3	Summer	40	SUR 135	Clinical Practice II	Clinical	9	Clinical	In-person	Clnical site	6	1	0.052631579	2.5	0	1	3	Friday	M & T, 6:30a - 3:30p; F, 6:30a - 12:30p; (Days/hrs vary per census; 19.2 hrs/wk)	1	1	Other	Precepted Experience	240	40	12.63157895	0.043859649	0.789473684	240	0.333333333	6
Term 3	Summer	40	SUR 135	Clinical Practice II	Clinical	10	Clinical	In-person	Clnical site	8	1	0.052631579	2.5	0	1	4	Monday	M & T, 6:30a - 3:30p; F, 6:30a - 12:30p; (Days/hrs vary per census; 19.2 hrs/wk)	1	1	Other	Precepted Experience	320	40	16.84210526	0.058479532	1.052631579	320	0.444444444	8
Term 3	Summer	40	SUR 135	Clinical Practice II	Clinical	11	Clinical	In-person	Clnical site	8	1	0.052631579	2.5	0	1	4	Tuesday	M & T, 6:30a - 3:30p; F, 6:30a - 12:30p; (Days/hrs vary per census; 19.2 hrs/wk)	1	1	Other	Precepted Experience	320	40	16.84210526	0.058479532	1.052631579	320	0.444444444	8
Term 3	Summer	40	SUR 135	Clinical Practice II	Clinical	12	Clinical	In-person	Clnical site	6	1	0.052631579	2.5	0	1	4	Friday	M & T, 6:30a - 3:30p; F, 6:30a - 12:30p; (Days/hrs vary per census; 19.2 hrs/wk)	0	1	Other	Precepted Experience	240	40	12.63157895	0.043859649	0.789473684	0	0	0
Term 3	Summer	40	SUR 135	Clinical Practice II	Clinical	13	Clinical	In-person	Clnical site	8	1	0.052631579	2.5	0	1	5	Monday	M & T, 6:30a - 3:30p; F, 6:30a - 12:30p; (Days/hrs vary per census; 19.2 hrs/wk)	0	1	Other	Precepted Experience	320	40	16.84210526	0.058479532	1.052631579	0	0	0
Term 3	Summer	40	SUR 135	Clinical Practice II	Clinical	14	Clinical	In-person	Clnical site	8	1	0.052631579	2.5	0	1	5	Tuesday	M & T, 6:30a - 3:30p; F, 6:30a - 12:30p; (Days/hrs vary per census; 19.2 hrs/wk)	1	1	Other	Precepted Experience	320	40	16.84210526	0.058479532	1.052631579	320	0.444444444	8
Term 3	Summer	40	SUR 135	Clinical Practice II	Clinical	15	Clinical	In-person	Clnical site	6	1	0.052631579	2.5	0	1	5	Friday	M & T, 6:30a - 3:30p; F, 6:30a - 12:30p; (Days/hrs vary per census; 19.2 hrs/wk)	1	1	Other	Precepted Experience	240	40	12.63157895	0.043859649	0.789473684	240	0.333333333	6
Term 3	Summer	40	SUR 135	Clinical Practice II	Clinical	16	Clinical	In-person	Clnical site	8	1	0.052631579	2.5	0	1	6	Monday	M & T, 6:30a - 3:30p; F, 6:30a - 12:30p; (Days/hrs vary per census; 19.2 hrs/wk)	1	1	Other	Precepted Experience	320	40	16.84210526	0.058479532	1.052631579	320	0.444444444	8
Term 3	Summer	40	SUR 135	Clinical Practice II	Clinical	17	Clinical	In-person	Clnical site	8	1	0.052631579	2.5	0	1	6	Tuesday	M & T, 6:30a - 3:30p; F, 6:30a - 12:30p; (Days/hrs vary per census; 19.2 hrs/wk)	1	1	Other	Precepted Experience	320	40	16.84210526	0.058479532	1.052631579	320	0.444444444	8
Term 3	Summer	40	SUR 135	Clinical Practice II	Clinical	18	Clinical	In-person	Clnical site	6	1	0.052631579	2.5	0	1	6	Friday	M & T, 6:30a - 3:30p; F, 6:30a - 12:30p; (Days/hrs vary per census; 19.2 hrs/wk)	1	1	Other	Precepted Experience	240	40	12.63157895	0.043859649	0.789473684	240	0.333333333	6
Term 3	Summer	40	SUR 135	Clinical Practice II	Clinical	19	Clinical	In-person	Clnical site	8	1	0.052631579	2.5	0	1	7	Monday	M & T, 6:30a - 3:30p; F, 6:30a - 12:30p; (Days/hrs vary per census; 19.2 hrs/wk)	1	1	Other	Precepted Experience	320	40	16.84210526	0.058479532	1.052631579	320	0.444444444	8
Term 3	Summer	40	SUR 135	Clinical Practice II	Clinical	20	Clinical	In-person	Clnical site	8	1	0.052631579	2.5	0	1	7	Tuesday	M & T, 6:30a - 3:30p; F, 6:30a - 12:30p; (Days/hrs vary per census; 19.2 hrs/wk)	1	1	Other	Precepted Experience	320	40	16.84210526	0.058479532	1.052631579	320	0.444444444	8
Term 3	Summer	40	SUR 135	Clinical Practice II	Clinical	21	Clinical	In-person	Clnical site	6	1	0.052631579	2.5	0	1	7	Friday	M & T, 6:30a - 3:30p; F, 6:30a - 12:30p; (Days/hrs vary per census; 19.2 hrs/wk)	1	1	Other	Precepted Experience	240	40	12.63157895	0.043859649	0.789473684	240	0.333333333	6
Term 3	Summer	40	SUR 135	Clinical Practice II	Clinical	22	Clinical	In-person	Clnical site	8	1	0.052631579	2.5	0	1	8	Monday	M & T, 6:30a - 3:30p; F, 6:30a - 12:30p; (Days/hrs vary per census; 19.2 hrs/wk)	1	1	Other	Precepted Experience	320	40	16.84210526	0.058479532	1.052631579	320	0.444444444	8
Term 3	Summer	40	SUR 135	Clinical Practice II	Clinical	23	Clinical	In-person	Clnical site	8	1	0.052631579	2.5	0	1	8	Tuesday	M & T, 6:30a - 3:30p; F, 6:30a - 12:30p; (Days/hrs vary per census; 19.2 hrs/wk)	1	1	Other	Precepted Experience	320	40	16.84210526	0.058479532	1.052631579	320	0.444444444	8
Term 3	Summer	40	SUR 135	Clinical Practice II	Clinical	24	Clinical	In-person	Clnical site	6	1	0.052631579	2.5	0	1	8	Friday	M & T, 6:30a - 3:30p; F, 6:30a - 12:30p; (Days/hrs vary per census; 19.2 hrs/wk)	1	1	Other	Precepted Experience	240	40	12.63157895	0.043859649	0.789473684	240	0.333333333	6
Term 3	Summer	40	SUR 135	Clinical Practice II	Clinical	25	Clinical	In-person	Clnical site	8	1	0.052631579	2.5	0	1	9	Monday	M & T, 6:30a - 3:30p; F, 6:30a - 12:30p; (Days/hrs vary per census; 19.2 hrs/wk)	1	1	Other	Precepted Experience	320	40	16.84210526	0.058479532	1.052631579	320	0.444444444	8
Term 3	Summer	40	SUR 135	Clinical Practice II	Clinical	26	Clinical	In-person	Clnical site	8	1	0.052631579	2.5	0	1	9	Tuesday	M & T, 6:30a - 3:30p; F, 6:30a - 12:30p; (Days/hrs vary per census; 19.2 hrs/wk)	1	1	Other	Precepted Experience	320	40	16.84210526	0.058479532	1.052631579	320	0.444444444	8
Term 3	Summer	40	SUR 135	Clinical Practice II	Clinical	27	Clinical	In-person	Clnical site	6	1	0.052631579	2.5	0	1	9	Friday	M & T, 6:30a - 3:30p; F, 6:30a - 12:30p; (Days/hrs vary per census; 19.2 hrs/wk)	1	1	Other	Precepted Experience	240	40	12.63157895	0.043859649	0.789473684	240	0.333333333	6
Term 3	Summer	40	SUR 135	Clinical Practice II	Clinical	28	Clinical	In-person	Clnical site	8	1	0.052631579	2.5	0	1	10	Monday	M & T, 6:30a - 3:30p; F, 6:30a - 12:30p; (Days/hrs vary per census; 19.2 hrs/wk)	1	1	Other	Precepted Experience	320	40	16.84210526	0.058479532	1.052631579	320	0.444444444	8
Term 3	Summer	40	SUR 135	Clinical Practice II	Clinical	29	Clinical	In-person	Clnical site	8	1	0.052631579	2.5	0	1	10	Tuesday	M & T, 6:30a - 3:30p; F, 6:30a - 12:30p; (Days/hrs vary per census; 19.2 hrs/wk)	1	1	Other	Precepted Experience	320	40	16.84210526	0.058479532	1.052631579	320	0.444444444	8
Term 3	Summer	40	SUR 135	Clinical Practice II	Clinical	30	Clinical	In-person	Clnical site	6	1	0.052631579	2.5	0	1	10	Friday	M & T, 6:30a - 3:30p; F, 6:30a - 12:30p; (Days/hrs vary per census; 19.2 hrs/wk)	1	1	Other	Precepted Experience	240	40	12.63157895	0.043859649	0.789473684	240	0.333333333	6
Term 5	Spring	40	SUR 211	Advanced Theoretical Concepts	Class	1	Orientation; Components of  Communication	Online	Internet	2	20	1	2.5	0	1	1	Online	Spring : Online					4	2	4	0.013888889	0.25	0	0	0
Term 5	Spring	40	SUR 211	Advanced Theoretical Concepts	Class	2	Team Concepts	Online	Internet	2	20	1	2.5	0	1	2	Online	Spring : Online					4	2	4	0.013888889	0.25	0	0	0
Term 5	Spring	40	SUR 211	Advanced Theoretical Concepts	Class	3	Principles of Conflict Resolution	Online	Internet	2	20	1	2.5	0	1	3	Online	Spring : Online					4	2	4	0.013888889	0.25	0	0	0
Term 5	Spring	40	SUR 211	Advanced Theoretical Concepts	Class	4	Function & Necessity of Effective Mentors 	Online	Internet	2	20	1	2.5	0	1	4	Online	Spring : Online					4	2	4	0.013888889	0.25	0	0	0
Term 5	Spring	40	SUR 211	Advanced Theoretical Concepts	Class	5	Leadership Styles 	Online	Internet	2	20	1	2.5	0	1	5	Online	Spring : Online					4	2	4	0.013888889	0.25	0	0	0
Term 5	Spring	40	SUR 211	Advanced Theoretical Concepts	Class	6	Leadership Roles & Characteristics	Online	Internet	2	20	1	2.5	0	1	6	Online	Spring : Online					4	2	4	0.013888889	0.25	0	0	0
Term 5	Spring	40	SUR 211	Advanced Theoretical Concepts	Class	7	Critical Thinking 	Online	Internet	2	20	1	2.5	0	1	7	Online	Spring : Online					4	2	4	0.013888889	0.25	0	0	0
Term 5	Spring	40	SUR 211	Advanced Theoretical Concepts	Class	8	Supervision in the Healthcare Environment	Online	Internet	2	20	1	2.5	0	1	8	Online	Spring : Online					4	2	4	0.013888889	0.25	0	0	0
Term 5	Spring	40	SUR 211	Advanced Theoretical Concepts	Class	9	Manangerial Functions in the OR 	Online	Internet	2	20	1	2.5	0	1	9	Online	Spring : Online					4	2	4	0.013888889	0.25	0	0	0
Term 5	Spring	40	SUR 211	Advanced Theoretical Concepts	Class	10	Essential Skills a Good Supervisor	Online	Internet	2	20	1	2.5	0	1	10	Online	Spring : Online					4	2	4	0.013888889	0.25	0	0	0
Term 5	Spring	40	SUR 211	Advanced Theoretical Concepts	Class	11	Elements of the Teaching-Learning Process	Online	Internet	2	20	1	2.5	0	1	11	Online	Spring : Online					4	2	4	0.013888889	0.25	0	0	0
Term 5	Spring	40	SUR 211	Advanced Theoretical Concepts	Class	12	Adult Learning	Online	Internet	2	20	1	2.5	0	1	12	Online	Spring : Online					4	2	4	0.013888889	0.25	0	0	0
Term 5	Spring	40	SUR 211	Advanced Theoretical Concepts	Class	13	Elements of the Teaching-Learning Process	Online	Internet	2	20	1	2.5	0	1	13	Online	Spring : Online					4	2	4	0.013888889	0.25	0	0	0
Term 5	Spring	40	SUR 211	Advanced Theoretical Concepts	Class	14	Key Concepts Related to the Teaching-Learning Process	Online	Internet	2	20	1	2.5	0	1	14	Online	Spring : Online					4	2	4	0.013888889	0.25	0	0	0
Term 5	Spring	40	SUR 211	Advanced Theoretical Concepts	Class	15	Key Concepts Related to the Teaching-Learning Process	Online	Internet	2	20	1	2.5	0	1	15	Online	Spring : Online					4	2	4	0.013888889	0.25	0	0	0
Term 5	Spring	40	SUR 211	Advanced Theoretical Concepts	Class	16	Educational Paper due	Online	Internet	2	20	1	2.5	0	1	16	Online	Spring : Online					4	2	4	0.013888889	0.25	0	0	0
Term 5	Spring	40	SUR 137	Professional Success Prep	Class	1	Orientation	Online	Internet	1	20	1	2.5	0	1	1		Online					2	2	2	0.006944444	0.125	0	0	0
Term 5	Spring	40	SUR 137	Professional Success Prep	Class	2	Professional Resume, Cover & Thank You Letter	Online	Internet	1	20	1	2.5	0	1	2		Online					2	2	2	0.006944444	0.125	0	0	0
Term 5	Spring	40	SUR 137	Professional Success Prep	Class	3	Professional Resume, Cover & Thank You Letter	Online	Internet	1	20	1	2.5	0	1	3		Online					2	2	2	0.006944444	0.125	0	0	0
Term 5	Spring	40	SUR 137	Professional Success Prep	Class	4	Professional Resume, Cover & Thank You Letter	Online	Internet	1	20	1	2.5	0	1	4		Online					2	2	2	0.006944444	0.125	0	0	0
Term 5	Spring	40	SUR 137	Professional Success Prep	Class	5	Employment Applications	Online	Internet	1	20	1	2.5	0	1	5		Online					2	2	2	0.006944444	0.125	0	0	0
Term 5	Spring	40	SUR 137	Professional Success Prep	Class	6	Employment Applications	Online	Internet	1	20	1	2.5	0	1	6		Online					2	2	2	0.006944444	0.125	0	0	0
Term 5	Spring	40	SUR 137	Professional Success Prep	Class	7	Interview Techniques	Online	Internet	1	20	1	2.5	0	1	7		Online					2	2	2	0.006944444	0.125	0	0	0
Term 5	Spring	40	SUR 137	Professional Success Prep	Class	8	Interview Techniques	Online	Internet	1	20	1	2.5	0	1	8		Online					2	2	2	0.006944444	0.125	0	0	0
Term 5	Spring	40	SUR 137	Professional Success Prep	Class	9	Employability Skills	Online	Internet	1	20	1	2.5	0	1	9		Online					2	2	2	0.006944444	0.125	0	0	0
Term 5	Spring	40	SUR 137	Professional Success Prep	Class	10	Employability Skills	Online	Internet	1	20	1	2.5	0	1	10		Online					2	2	2	0.006944444	0.125	0	0	0
Term 4	Fall	40	SUR 210	Advanced Clinical Practice	Clinical	11	Responsible and Accountable Behavior 	Online	Internet	1	20	1.5	2.5	0	2	1	Wednesday	SPECIAL RULE: FACULTY ONLY STAYS FOR 3 HOURS ON WEDNESDAYS, NO MATTER ENROLLMENT. W & Th,  6:30am to 3:00pm	1	1	Operating Room or Doctor's Office	Capstone / Preceptorship	2	2	3	0.010416667	0.1875	2	0.002777778	0.05
Term 4	Fall	40	SUR 210	Advanced Clinical Practice	Clinical	12	Responsible and Accountable Behavior 	Online	Internet	1	20	0	2.5	0	2	2	Thursday	SPECIAL RULE: FACULTY ONLY STAYS FOR 3 HOURS ON WEDNESDAYS, NO MATTER ENROLLMENT. W & Th,  6:30am to 3:00pm	1	1	Operating Room or Doctor's Office	Capstone / Preceptorship	2	2	0	0	0	2	0.002777778	0.05
Term 4	Fall	40	SUR 210	Advanced Clinical Practice	Clinical	13	Test Anxiety	Online	Internet	1	20	1.5	2.5	0	2	3	Wednesday	SPECIAL RULE: FACULTY ONLY STAYS FOR 3 HOURS ON WEDNESDAYS, NO MATTER ENROLLMENT. W & Th,  6:30am to 3:00pm	1	1	Operating Room or Doctor's Office	Capstone / Preceptorship	2	2	3	0.010416667	0.1875	2	0.002777778	0.05
Term 4	Fall	40	SUR 210	Advanced Clinical Practice	Clinical	14	Test Anxiety	Online	Internet	1	20	0	2.5	0	2	4	Thursday	SPECIAL RULE: FACULTY ONLY STAYS FOR 3 HOURS ON WEDNESDAYS, NO MATTER ENROLLMENT. W & Th,  6:30am to 3:00pm	1	1	Operating Room or Doctor's Office	Capstone / Preceptorship	2	2	0	0	0	2	0.002777778	0.05
Term 4	Fall	40	SUR 210	Advanced Clinical Practice	Clinical	15	Review for Final Exam	Online	Internet	1	20	1.5	2.5	0	2	5	Wednesday	SPECIAL RULE: FACULTY ONLY STAYS FOR 3 HOURS ON WEDNESDAYS, NO MATTER ENROLLMENT. W & Th,  6:30am to 3:00pm	1	1	Operating Room or Doctor's Office	Capstone / Preceptorship	2	2	3	0.010416667	0.1875	2	0.002777778	0.05
Term 4	Fall	40	SUR 210	Advanced Clinical Practice	Clinical	16	Final Exam	Online	Internet	1	20	0	2.5	0	2	6	Thursday	SPECIAL RULE: FACULTY ONLY STAYS FOR 3 HOURS ON WEDNESDAYS, NO MATTER ENROLLMENT. W & Th,  6:30am to 3:00pm	1	1	Operating Room or Doctor's Office	Capstone / Preceptorship	2	2	0	0	0	2	0.002777778	0.05
Term 4	Fall	40	SUR 210	Advanced Clinical Practice	Clinical	7	Clinical	In-person	Clinical site	6	1	0.0125	2.5	0	2	7	Wednesday	SPECIAL RULE: FACULTY ONLY STAYS FOR 3 HOURS ON WEDNESDAYS, NO MATTER ENROLLMENT. W & Th,  6:30am to 3:00pm	1	1	Operating Room or Doctor's Office	Capstone / Preceptorship	240	40	3	0.010416667	0.1875	240	0.333333333	6
Term 4	Fall	40	SUR 210	Advanced Clinical Practice	Clinical	8	Clinical	In-person	Clinical site	6	1	0	2.5	0	2	8	Thursday	SPECIAL RULE: FACULTY ONLY STAYS FOR 3 HOURS ON WEDNESDAYS, NO MATTER ENROLLMENT. W & Th,  6:30am to 3:00pm	1	1	Operating Room or Doctor's Office	Capstone / Preceptorship	240	40	0	0	0	240	0.333333333	6
Term 4	Fall	40	SUR 210	Advanced Clinical Practice	Clinical	9	Clinical	In-person	Clinical site	6	1	0.0125	2.5	0	2	9	Wednesday	SPECIAL RULE: FACULTY ONLY STAYS FOR 3 HOURS ON WEDNESDAYS, NO MATTER ENROLLMENT. W & Th,  6:30am to 3:00pm	1	1	Operating Room or Doctor's Office	Capstone / Preceptorship	240	40	3	0.010416667	0.1875	240	0.333333333	6
Term 4	Fall	40	SUR 210	Advanced Clinical Practice	Clinical	10	Clinical	In-person	Clinical site	6	1	0	2.5	0	2	10	Thursday	SPECIAL RULE: FACULTY ONLY STAYS FOR 3 HOURS ON WEDNESDAYS, NO MATTER ENROLLMENT. W & Th,  6:30am to 3:00pm	1	1	Operating Room or Doctor's Office	Capstone / Preceptorship	240	40	0	0	0	240	0.333333333	6
Term 4	Fall	40	SUR 210	Advanced Clinical Practice	Clinical	11	Clinical	In-person	Clinical site	6	1	0.0125	2.5	0	2	11	Wednesday	SPECIAL RULE: FACULTY ONLY STAYS FOR 3 HOURS ON WEDNESDAYS, NO MATTER ENROLLMENT. W & Th,  6:30am to 3:00pm	1	1	Operating Room or Doctor's Office	Capstone / Preceptorship	240	40	3	0.010416667	0.1875	240	0.333333333	6
Term 4	Fall	40	SUR 210	Advanced Clinical Practice	Clinical	12	Clinical	In-person	Clinical site	6	1	0	2.5	0	2	12	Thursday	SPECIAL RULE: FACULTY ONLY STAYS FOR 3 HOURS ON WEDNESDAYS, NO MATTER ENROLLMENT. W & Th,  6:30am to 3:00pm	1	1	Operating Room or Doctor's Office	Capstone / Preceptorship	240	40	0	0	0	240	0.333333333	6
Term 4	Fall	40	SUR 210	Advanced Clinical Practice	Clinical	13	Clinical	In-person	Clinical site	6	1	0.0125	2.5	0	2	13	Wednesday	SPECIAL RULE: FACULTY ONLY STAYS FOR 3 HOURS ON WEDNESDAYS, NO MATTER ENROLLMENT. W & Th,  6:30am to 3:00pm	1	1	Operating Room or Doctor's Office	Capstone / Preceptorship	240	40	3	0.010416667	0.1875	240	0.333333333	6
Term 4	Fall	40	SUR 210	Advanced Clinical Practice	Clinical	14	Clinical	In-person	Clinical site	6	1	0	2.5	0	2	14	Thursday	SPECIAL RULE: FACULTY ONLY STAYS FOR 3 HOURS ON WEDNESDAYS, NO MATTER ENROLLMENT. W & Th,  6:30am to 3:00pm	1	1	Operating Room or Doctor's Office	Capstone / Preceptorship	240	40	0	0	0	240	0.333333333	6
Term 4	Fall	40	SUR 210	Advanced Clinical Practice	Clinical	15	Clinical	In-person	Clinical site	6	1	0.0125	2.5	0	2	15	Wednesday	SPECIAL RULE: FACULTY ONLY STAYS FOR 3 HOURS ON WEDNESDAYS, NO MATTER ENROLLMENT. W & Th,  6:30am to 3:00pm	1	1	Operating Room or Doctor's Office	Capstone / Preceptorship	240	40	3	0.010416667	0.1875	240	0.333333333	6
Term 4	Fall	40	SUR 210	Advanced Clinical Practice	Clinical	16	Clinical	In-person	Clinical site	6	1	0	2.5	0	2	16	Thursday	SPECIAL RULE: FACULTY ONLY STAYS FOR 3 HOURS ON WEDNESDAYS, NO MATTER ENROLLMENT. W & Th,  6:30am to 3:00pm	1	1	Operating Room or Doctor's Office	Capstone / Preceptorship	240	40	0	0	0	240	0.333333333	6
Term 5	Spring	40	SUR 137	Professional Success Prep	Class	11	Responsible and Accountable Behavior 	Online	Internet	1	20	1	2.5	0	1	11		Online					2	2	2	0.006944444	0.125	0	0	0
Term 5	Spring	40	SUR 137	Professional Success Prep	Class	12	Responsible and Accountable Behavior 	Online	Internet	1	20	1	2.5	0	1	12		Online					2	2	2	0.006944444	0.125	0	0	0
Term 5	Spring	40	SUR 137	Professional Success Prep	Class	13	Test Anxiety	Online	Internet	1	20	1	2.5	0	1	13		Online					2	2	2	0.006944444	0.125	0	0	0
Term 5	Spring	40	SUR 137	Professional Success Prep	Class	14	Test Anxiety	Online	Internet	1	20	1	2.5	0	1	14		Online					2	2	2	0.006944444	0.125	0	0	0
Term 5	Spring	40	SUR 137	Professional Success Prep	Class	15	Review for Final Exam	Online	Internet	1	20	1	2.5	0	1	15		Online					2	2	2	0.006944444	0.125	0	0	0
Term 5	Spring	40	SUR 137	Professional Success Prep	Class	16	Final Exam	Online	Internet	1	20	1	2.5	0	1	16		Online					2	2	2	0.006944444	0.125	0	0	0
